{
  "short_window": {
    "member_scores": [
      -1.042637,
      -1.078261,
      -1.062973,
      -1.037446,
      -1.052702,
      -1.023198,
      -1.083679,
      -1.072516,
      -1.068723,
      -1.041169,
      -1.049444,
      -1.035484,
      -1.044219,
      -1.054789,
      -1.024897,
      -1.051617,
      -1.079117,
      -1.035505,
      -1.067723,
      -1.048374,
      -1.063785,
      -1.023162,
      -1.03921,
      -1.049793,
      -1.066072,
      -1.065172,
      -1.035681,
      -1.068406,
      -1.073903,
      -1.044807,
      -1.077224,
      -1.047798,
      -1.063912,
      -1.060732,
      -1.072789,
      -1.049428,
      -1.041235,
      -1.053723,
      -1.030419,
      -1.04983,
      -1.049553,
      -1.048996,
      -1.092927,
      -1.080781,
      -1.071025,
      -1.044989,
      -1.005729,
      -0.999227,
      -1.047866,
      -1.07263,
      -1.063079,
      -1.0704,
      -1.068465,
      -1.071554,
      -1.045291,
      -1.050979,
      -1.080956,
      -1.064033,
      -1.069823,
      -1.033958,
      -1.065545,
      -1.040862,
      -1.065893,
      -1.041762,
      -1.046797,
      -1.079966,
      -1.069574,
      -1.053851,
      -1.049526,
      -1.061981,
      -1.072016,
      -1.041383,
      -1.036072,
      -1.07626,
      -1.074257,
      -1.046148,
      -1.054743,
      -1.056302,
      -1.018279,
      -1.050251,
      -1.060165,
      -1.04848,
      -1.051098,
      -1.064898,
      -1.06671,
      -1.036354,
      -1.043363,
      -1.033029,
      -1.054492,
      -1.033981,
      -1.059196,
      -1.029482,
      -1.076886,
      -1.069416,
      -1.073397,
      -1.049256,
      -1.049136,
      -1.073612,
      -1.056842,
      -1.062036,
      -1.044539,
      -1.052749,
      -1.057484,
      -1.014532,
      -1.017778,
      -1.089302,
      -1.023668,
      -1.046639,
      -1.036054,
      -1.007833,
      -1.059817,
      -1.054943,
      -1.056789,
      -1.070865,
      -1.049843,
      -1.072285,
      -1.071164,
      -1.043386,
      -1.076328,
      -1.071891,
      -1.066184,
      -1.072892,
      -1.056035,
      -1.065228,
      -1.066463,
      -1.06782,
      -1.06522,
      -1.069763
    ],
    "nonmember_scores": [
      -1.011861,
      -1.059555,
      -1.022951,
      -1.062178,
      -1.034656,
      -1.005251,
      -1.066865,
      -1.045217,
      -1.068059,
      -1.036189,
      -1.043695,
      -1.057087,
      -1.049946,
      -1.040237,
      -0.978002,
      -1.055506,
      -1.055344,
      -1.026524,
      -1.05572,
      -1.049406,
      -1.05208,
      -1.071172,
      -1.040047,
      -1.008039,
      -1.057618,
      -1.037834,
      -1.042837,
      -1.04732,
      -1.05669,
      -1.068114,
      -1.064355,
      -1.055835,
      -1.078273,
      -1.095014,
      -1.031134,
      -1.028943,
      -1.042889,
      -1.066385,
      -1.068704,
      -1.052778,
      -1.031936,
      -1.020712,
      -1.049863,
      -1.084444,
      -1.046312,
      -1.03479,
      -1.034337,
      -1.050717,
      -1.042301,
      -1.059209,
      -1.066173,
      -1.030887,
      -1.040161,
      -1.019496,
      -1.041153,
      -1.012641,
      -1.081057,
      -1.039977,
      -1.043483,
      -1.031011,
      -1.024025,
      -1.010937,
      -1.053823,
      -1.068527,
      -1.046094,
      -1.048807,
      -1.053778,
      -1.026593,
      -1.027696,
      -1.051769,
      -1.064955,
      -1.049228,
      -1.055273,
      -1.072365,
      -1.073281,
      -1.030049,
      -1.043231,
      -1.01372,
      -1.039989,
      -1.037648,
      -1.014564,
      -1.07188,
      -1.047104,
      -1.049101,
      -1.054508,
      -1.033839,
      -1.055501,
      -1.001619,
      -1.048168,
      -1.032954,
      -1.045895,
      -1.027444,
      -1.048789,
      -1.04902,
      -1.046896,
      -1.02222,
      -1.047985,
      -1.04346,
      -1.058587,
      -1.05382,
      -1.023126,
      -1.039404,
      -1.026308,
      -1.027177,
      -1.043809,
      -1.004999,
      -1.02674,
      -1.028459,
      -1.060865,
      -1.030478,
      -1.057025,
      -1.059583,
      -1.051545,
      -1.077278,
      -1.049011,
      -1.037475,
      -1.012381,
      -1.038341,
      -1.077439,
      -1.047246,
      -1.074735,
      -1.057548,
      -1.02678,
      -1.032574,
      -1.069566,
      -1.05352,
      -1.041355,
      -1.072407
    ],
    "metrics": {
      "auc": 0.347778,
      "asr": 0.503906,
      "threshold": -1.092927,
      "tpr_at_1pct_fpr": 0.007812,
      "tpr_at_0_1pct_fpr": 0.0,
      "member_score_mean": -1.054724,
      "nonmember_score_mean": -1.044869
    }
  },
  "long_window": {
    "member_scores": [
      -31.143017,
      -30.583561,
      -30.976393,
      -31.135574,
      -31.58124,
      -30.978323,
      -30.987383,
      -30.394777,
      -30.588066,
      -31.48801,
      -30.543526,
      -30.780596,
      -30.851952,
      -31.032648,
      -31.339211,
      -30.8682,
      -30.625486,
      -30.84536,
      -31.116585,
      -31.078417,
      -30.650566,
      -30.91148,
      -31.214724,
      -31.016346,
      -30.456991,
      -30.593239,
      -31.385794,
      -31.05563,
      -30.949724,
      -31.358885,
      -30.688152,
      -30.70579,
      -29.810858,
      -31.200947,
      -30.668957,
      -30.628223,
      -31.062031,
      -30.997999,
      -30.793262,
      -31.114952,
      -31.259487,
      -31.083391,
      -30.981901,
      -31.564911,
      -31.301893,
      -30.129782,
      -31.350983,
      -31.358467,
      -30.612478,
      -30.979059,
      -30.222958,
      -31.043282,
      -31.04286,
      -30.847378,
      -31.569073,
      -31.134672,
      -31.37455,
      -30.969549,
      -30.625744,
      -31.651329,
      -30.66391,
      -30.828796,
      -30.932714,
      -30.740522,
      -30.812124,
      -30.889248,
      -30.061916,
      -30.369837,
      -31.262455,
      -31.309052,
      -30.957397,
      -30.343973,
      -30.803474,
      -30.936226,
      -30.86265,
      -31.15346,
      -30.410816,
      -30.290274,
      -30.865229,
      -30.444492,
      -30.416336,
      -30.879089,
      -30.932844,
      -31.346397,
      -30.975334,
      -30.090363,
      -30.791338,
      -30.819073,
      -30.78685,
      -30.715403,
      -31.239683,
      -30.710323,
      -31.489876,
      -30.952024,
      -31.292849,
      -31.355707,
      -31.510628,
      -31.224089,
      -31.137655,
      -30.924732,
      -29.942108,
      -31.125782,
      -30.85231,
      -31.623894,
      -31.527544,
      -30.13802,
      -31.211384,
      -31.3262,
      -31.299978,
      -30.39929,
      -30.457462,
      -30.645075,
      -31.582367,
      -30.383791,
      -31.738464,
      -30.548567,
      -30.311327,
      -30.647661,
      -30.645483,
      -30.494316,
      -31.422506,
      -30.821335,
      -31.195187,
      -30.968084,
      -31.414673,
      -30.675375,
      -31.108271,
      -30.48876
    ],