{
  "ckpt": "CIFAR100-DDPM",
  "base": 0.835205,
  "pct": 0.04,
  "n_seeds": 30,
  "targeted": {
    "mu": 0.6588460666666667,
    "std": 0.027395380789762565
  },
  "random": {
    "mu": 0.6570801,
    "std": 0.02996504263804742
  },
  "comparison": {
    "mean_diff": 0.0017659666666666666,
    "std_diff": 0.042721354312675944,
    "cohens_d": 0.041336860571919716,
    "p": 0.8224698411241691,
    "ci95": [
      -0.013521673636892505,
      0.01705360697022584
    ]
  }
}