{
  "ckpt": "CIFAR100-DDPM",
  "base": 0.811279,
  "grid": {
    "late_down_t50": {
      "auc": 0.713135,
      "delta": 0.0981
    },
    "late_down_t100": {
      "auc": 0.657715,
      "delta": 0.1536
    },
    "late_down_t150": {
      "auc": 0.700439,
      "delta": 0.1108
    },
    "late_down_t200": {
      "auc": 0.644043,
      "delta": 0.1672
    },
    "late_down_t300": {
      "auc": 0.655029,
      "delta": 0.1562
    },
    "late_down_t400": {
      "auc": 0.653564,
      "delta": 0.1577
    },
    "late_down_t600": {
      "auc": 0.748291,
      "delta": 0.063
    },
    "late_down_t800": {
      "auc": 0.6521,
      "delta": 0.1592
    },
    "mid_0_t50": {
      "auc": 0.718506,
      "delta": 0.0928
    },
    "mid_0_t100": {
      "auc": 0.734131,
      "delta": 0.0771
    },
    "mid_0_t150": {
      "auc": 0.65625,
      "delta": 0.155
    },
    "mid_0_t200": {
      "auc": 0.702881,
      "delta": 0.1084
    },
    "mid_0_t300": {
      "auc": 0.738525,
      "delta": 0.0728
    },
    "mid_0_t400": {
      "auc": 0.723877,
      "delta": 0.0874
    },
    "mid_0_t600": {
      "auc": 0.654297,
      "delta": 0.157
    },
    "mid_0_t800": {
      "auc": 0.741699,
      "delta": 0.0696
    }
  }
}