{
  "short_window": {
    "member_scores": [
      -1.047915,
      -1.053044,
      -1.061422,
      -1.033425,
      -1.046787,
      -1.044553,
      -1.081886,
      -1.064266,
      -1.060334,
      -1.024023,
      -1.064658,
      -1.02195,
      -1.052403,
      -1.048222,
      -1.043953,
      -1.055556,
      -1.083302,
      -1.045451,
      -1.065049,
      -1.051738,
      -1.074364,
      -1.015197,
      -1.017689,
      -1.048582,
      -1.072506,
      -1.072629,
      -1.037764,
      -1.074092,
      -1.079769,
      -1.068045,
      -1.074836,
      -1.047393,
      -1.049626,
      -1.039958,
      -1.065667,
      -1.05464,
      -1.052844,
      -1.076479,
      -1.049273,
      -1.038792,
      -1.048923,
      -1.042195,
      -1.082365,
      -1.055864,
      -1.066617,
      -1.058166,
      -1.04243,
      -0.989125,
      -1.06592,
      -1.061888,
      -1.052206,
      -1.084107,
      -1.057466,
      -1.080815,
      -1.052992,
      -1.071149,
      -1.063266,
      -1.075199,
      -1.042746,
      -1.041493,
      -1.025392,
      -1.028184,
      -1.058046,
      -1.031553,
      -1.034232,
      -1.081207,
      -1.087994,
      -1.04491,
      -1.055701,
      -1.052679,
      -1.061909,
      -1.030294,
      -1.051519,
      -1.068939,
      -1.077148,
      -1.04812,
      -1.062617,
      -1.058135,
      -1.014508,
      -1.05834,
      -1.048515,
      -1.031002,
      -1.061017,
      -1.076368,
      -1.082124,
      -1.046822,
      -1.022661,
      -1.042313,
      -1.033628,
      -1.076749,
      -1.053979,
      -1.029859,
      -1.058734,
      -1.079283,
      -1.064058,
      -1.057839,
      -1.042638,
      -1.066667,
      -1.042956,
      -1.063977,
      -1.067385,
      -1.055902,
      -1.055667,
      -1.073421,
      -1.021764,
      -1.073021,
      -1.06222,
      -1.06082,
      -1.051632,
      -1.001065,
      -1.034308,
      -1.032965,
      -1.070499,
      -1.058707,
      -1.046873,
      -1.058854,
      -1.093818,
      -1.060585,
      -1.056834,
      -1.068582,
      -1.056827,
      -1.045064,
      -1.069296,
      -1.056296,
      -1.039731,
      -1.080157,
      -1.059999,
      -1.046451
    ],
    "nonmember_scores": [
      -1.021277,
      -1.028831,
      -1.02705,
      -1.059541,
      -1.02741,
      -1.020018,
      -1.067139,
      -1.033805,
      -1.058951,
      -1.020934,
      -1.055287,
      -1.042347,
      -1.054347,
      -1.034506,
      -0.990558,
      -1.067553,
      -1.056125,
      -1.032512,
      -1.046221,
      -1.050505,
      -1.05947,
      -1.069544,
      -1.022914,
      -1.005603,
      -1.063975,
      -1.048332,
      -1.045861,
      -1.053267,
      -1.062853,
      -1.088317,
      -1.059242,
      -1.054174,
      -1.057279,
      -1.070156,
      -1.021945,
      -1.02461,
      -1.053532,
      -1.090186,
      -1.083927,
      -1.047453,
      -1.031723,
      -1.017822,
      -1.038225,
      -1.064188,
      -1.045328,
      -1.046545,
      -1.071451,
      -1.048101,
      -1.061557,
      -1.046231,
      -1.061096,
      -1.041037,
      -1.02171,
      -1.022869,
      -1.044965,
      -1.028997,
      -1.060661,
      -1.046608,
      -1.021852,
      -1.036706,
      -0.988908,
      -1.002891,
      -1.044103,
      -1.059924,
      -1.032898,
      -1.045041,
      -1.065629,
      -1.023685,
      -1.036763,
      -1.044885,
      -1.055364,
      -1.037499,
      -1.072746,
      -1.062784,
      -1.077099,
      -1.035332,
      -1.053097,
      -1.016542,
      -1.046101,
      -1.045517,
      -1.007049,
      -1.049122,
      -1.058843,
      -1.058473,
      -1.07338,
      -1.042561,
      -1.036049,
      -1.006642,
      -1.02726,
      -1.079271,
      -1.042994,
      -1.02764,
      -1.025094,
      -1.063066,
      -1.039515,
      -1.027866,
      -1.036246,
      -1.034367,
      -1.046635,
      -1.056297,
      -1.046135,
      -1.040921,
      -1.0231,
      -1.085047,
      -1.050719,
      -0.984856,
      -1.059918,
      -1.050223,
      -1.07147,
      -1.027384,
      -1.036778,
      -1.036756,
      -1.066078,
      -1.058689,
      -1.047485,
      -1.029146,
      -1.024522,
      -1.062966,
      -1.058512,
      -1.047312,
      -1.059021,
      -1.021249,
      -1.045831,
      -1.029309,
      -1.040945,
      -1.067629,
      -1.034471,
      -1.052537
    ],
    "metrics": {
      "auc": 0.350952,
      "asr": 0.503906,
      "threshold": -1.083302,
      "tpr_at_1pct_fpr": 0.0,
      "tpr_at_0_1pct_fpr": 0.0,
      "member_score_mean": -1.054425,
      "nonmember_score_mean": -1.04437
    }
  },
  "long_window": {
    "member_scores": [
      -30.170782,
      -31.013027,
      -31.009745,
      -31.497545,
      -31.038748,
      -31.067348,
      -30.913347,
      -30.574614,
      -30.929708,
      -31.279882,
      -30.861015,
      -30.597647,
      -31.258736,
      -31.282784,
      -31.170288,
      -31.379725,
      -31.359667,
      -30.942152,
      -30.719803,
      -31.096046,
      -30.426134,
      -30.273214,
      -31.050743,
      -31.76112,
      -30.58227,
      -30.228331,
      -30.909431,
      -31.371342,
      -30.835884,
      -31.087318,
      -30.641706,
      -30.367657,
      -30.916632,
      -30.889301,
      -31.411243,
      -30.061365,
      -30.46306,
      -30.334776,
      -31.068991,
      -31.062258,
      -30.597012,
      -31.333733,
      -30.797134,
      -30.781071,
      -29.992903,
      -30.448608,
      -30.287027,
      -31.723936,
      -30.738619,
      -30.736605,
      -30.538342,
      -30.684746,
      -30.805901,
      -30.05736,
      -30.646629,
      -31.323057,
      -30.977314,
      -31.369181,
      -30.660116,
      -30.734121,
      -30.80917,
      -30.536613,
      -31.247145,
      -30.696901,
      -30.502792,
      -30.617517,
      -30.288025,
      -30.415586,
      -30.50832,
      -30.332178,
      -30.871202,
      -30.675522,
      -31.116203,
      -31.278343,
      -31.355034,
      -30.233377,
      -31.088654,
      -30.809572,
      -30.876535,
      -30.544224,
      -30.334007,
      -32.032066,
      -30.776937,
      -30.829535,
      -30.856377,
      -30.692184,
      -30.99367,
      -30.790348,
      -31.177216,
      -30.85498,
      -31.094414,
      -31.132891,
      -31.383904,
      -30.636625,
      -30.905756,
      -30.674603,
      -30.426743,
      -31.120083,
      -31.481745,
      -30.902023,
      -30.735752,
      -30.588272,
      -30.545767,
      -31.467028,
      -31.696642,
      -30.55518,
      -31.279724,
      -30.976467,
      -30.662834,
      -30.554829,
      -30.924402,
      -30.584742,
      -30.657782,
      -31.442804,
      -30.750549,
      -30.916672,
      -30.899799,
      -30.333288,
      -30.656153,
      -30.756958,
      -31.168337,
      -30.749767,
      -30.492203,
      -30.294741,
      -31.310047,
      -30.523804,
      -31.281174,
      -30.728559
    ],