{
  "short_window": {
    "member_scores": [
      -1.040039,
      -1.042603,
      -1.068231,
      -1.046046,
      -1.035805,
      -1.043718,
      -1.076605,
      -1.066457,
      -1.061278,
      -1.039853,
      -1.070425,
      -1.032546,
      -1.061336,
      -1.0508,
      -1.043348,
      -1.052864,
      -1.076569,
      -1.045632,
      -1.069699,
      -1.033688,
      -1.066504,
      -1.037157,
      -1.038498,
      -1.075156,
      -1.070898,
      -1.068582,
      -1.044898,
      -1.056824,
      -1.06971,
      -1.036194,
      -1.066961,
      -1.014044
    ],
    "nonmember_scores": [
      -1.015394,
      -1.017763,
      -1.03301,
      -1.069751,
      -1.017516,
      -1.020075,
      -1.059302,
      -1.040867,
      -1.060614,
      -1.041076,
      -1.060611,
      -1.050662,
      -1.06247,
      -1.037041,
      -0.993272,
      -1.059958,
      -1.052203,
      -1.035159,
      -1.056629,
      -1.03537,
      -1.049264,
      -1.093483,
      -1.039412,
      -1.026697,
      -1.063855,
      -1.04266,
      -1.052765,
      -1.033422,
      -1.043679,
      -1.058031,
      -1.048866,
      -1.02354
    ],
    "metrics": {
      "auc": 0.341797,
      "asr": 0.515625,
      "threshold": -1.076605,
      "tpr_at_1pct_fpr": 0.0,
      "tpr_at_0_1pct_fpr": 0.0,
      "member_score_mean": -1.053218,
      "nonmember_score_mean": -1.043576
    }
  },
  "long_window": {
    "member_scores": [
      -31.442312,
      -30.867735,
      -30.915367,
      -30.850298,
      -30.972197,
      -31.525213,
      -30.50214,
      -31.112255,
      -30.796841,
      -30.795595,
      -30.272436,
      -31.803667,
      -31.027464,
      -31.235207,
      -30.844458,
      -30.743084,
      -30.685432,
      -31.866764,
      -31.143673,
      -30.320644,
      -31.290108,
      -30.957291,
      -31.626989,
      -30.700438,
      -30.703302,
      -31.694565,
      -31.009117,
      -30.24732,
      -30.482662,
      -30.773731,
      -30.830824,
      -30.868673
    ],
    "nonmember_scores": [
      -31.57645,
      -31.270672,
      -31.566267,
      -31.077753,
      -32.101383,
      -32.367126,
      -31.252707,
      -31.618891,
      -31.432169,
      -31.2218,
      -30.280312,
      -33.036827,
      -31.293509,
      -31.961557,
      -32.934505,
      -31.025928,
      -31.537903,
      -33.227306,
      -32.225571,
      -30.786764,
      -31.33136,
      -31.08086,
      -31.47777,
      -31.494143,
      -31.236933,
      -33.675415,
      -31.3584,
      -30.629463,
      -30.708536,
      -31.04014,
      -30.893269,
      -31.266336
    ],
    "metrics": {
      "auc": 0.760742,
      "asr": 0.75,
      "threshold": -31.009117,
      "tpr_at_1pct_fpr": 0.0625,
      "tpr_at_0_1pct_fpr": 0.0625,
      "member_score_mean": -30.96587,
      "nonmember_score_mean": -31.562126
    }
  },
  "fused": {
    "member_scores": [
      -0.158333,
      0.451012,
      -0.410623,
      0.363855,
      0.538965,
      -0.373371,
      -0.177369,
      -0.591311,
      -0.050083,
      0.62394,
      0.292421,
      -0.356999,
      -0.328786,
      -0.247471,
      0.45556,
      0.278588,
      -0.396291,
      -0.843499,
      -0.730802,
      1.387666,
      -0.806321,
      0.514417,
      -0.331691,
      -0.369942,
      -0.239748,
      -1.35713,
      0.209223,
      0.749497,
      0.062458,
      0.765039,
      -0.269266,
      1.346312
    ],
    "nonmember_scores": [
      0.717555,
      0.855704,
      0.269825,
      -0.359519,
      0.320758,
      0.081593,
      -0.203999,
      0.032866,
      -0.354793,
      0.28623,
      0.395846,
      -1.143728,
      -0.312316,
      -0.091731,
      0.403214,
      -0.073166,
      -0.206734,
      -0.867972,
      -0.768998,
      0.716869,
      0.003657,
      -0.97365,
      0.162365,
      0.479636,
      -0.311151,
      -1.353444,
      -0.104265,
      0.869613,
      0.553532,
      -0.032708,
      0.299384,
      0.709509
    ],
    "metrics": {
      "auc": 0.462891,
      "asr": 0.546875,
      "threshold": -0.843499,
      "tpr_at_1pct_fpr": 0.0625,
      "tpr_at_0_1pct_fpr": 0.0625,
      "member_score_mean": -3e-06,
      "nonmember_score_mean": -1e-06
    }
  }
}