{
  "accuracy": 0.47368421052631576,
  "auc": 0.5188405797101449,
  "num_member": 63,
  "num_nonmember": 63
}