{
  "short_window": {
    "member_scores": [
      -1.013245,
      -1.018769,
      -1.022479,
      -1.010084,
      -1.008098,
      -1.009036,
      -1.044478,
      -1.043597,
      -1.031479,
      -0.996186,
      -1.034623,
      -0.976943,
      -1.022401,
      -1.013026,
      -1.003338,
      -1.013432,
      -1.043582,
      -0.99593,
      -1.033582,
      -1.015338,
      -1.038586,
      -0.974607,
      -0.996475,
      -1.027129,
      -1.03474,
      -1.027278,
      -0.996243,
      -1.032582,
      -1.047457,
      -1.015603,
      -1.050835,
      -0.978948
    ],
    "nonmember_scores": [
      -0.982553,
      -0.98584,
      -0.980813,
      -1.046737,
      -0.984921,
      -0.978035,
      -1.023957,
      -0.996833,
      -1.029953,
      -0.999764,
      -1.02302,
      -1.003842,
      -1.030371,
      -1.000722,
      -0.940024,
      -1.02515,
      -1.008649,
      -0.993052,
      -1.013029,
      -1.016612,
      -1.01483,
      -1.052166,
      -1.00737,
      -0.975102,
      -1.02546,
      -0.985444,
      -1.014619,
      -1.005941,
      -1.020483,
      -1.047929,
      -1.028527,
      -1.000429
    ],
    "metrics": {
      "auc": 0.37793,
      "asr": 0.515625,
      "threshold": -1.044478,
      "tpr_at_1pct_fpr": 0.0,
      "tpr_at_0_1pct_fpr": 0.0,
      "member_score_mean": -1.017817,
      "nonmember_score_mean": -1.007568
    }
  },
  "long_window": {
    "member_scores": [
      -22.629755,
      -22.687132,
      -21.934956,
      -22.850126,
      -22.842981,
      -22.910326,
      -21.897146,
      -22.336748,
      -22.648281,
      -22.421219,
      -21.94549,
      -22.987928,
      -22.128193,
      -22.231186,
      -22.730932,
      -22.987076,
      -22.461275,
      -23.10321,
      -22.371361,
      -22.555626,
      -23.091366,
      -23.522657,
      -22.752697,
      -22.282021,
      -22.380209,
      -22.608099,
      -23.034594,
      -22.102375,
      -21.500048,
      -22.124174,
      -21.591257,
      -22.869324
    ],
    "nonmember_scores": [
      -23.181684,
      -22.999252,
      -22.86047,
      -21.948069,
      -23.911692,
      -23.851807,
      -22.667616,
      -23.490637,
      -22.915413,
      -22.606247,
      -21.968336,
      -23.86915,
      -22.177315,
      -23.189129,
      -24.975965,
      -22.624552,
      -23.380169,
      -24.220238,
      -23.432953,
      -22.309515,
      -23.392574,
      -22.134853,
      -22.335094,
      -22.954582,
      -22.543867,
      -25.020113,
      -22.996195,
      -23.059288,
      -22.213728,
      -21.873882,
      -21.725809,
      -22.548258
    ],
    "metrics": {
      "auc": 0.663086,
      "asr": 0.671875,
      "threshold": -22.910326,
      "tpr_at_1pct_fpr": 0.0625,
      "tpr_at_0_1pct_fpr": 0.0625,
      "member_score_mean": -22.516243,
      "nonmember_score_mean": -22.980577
    }
  },
  "fused": {
    "member_scores": [
      -0.011963,
      -0.210054,
      0.520829,
      -0.175254,
      -0.118769,
      -0.215336,
      0.022849,
      -0.435854,
      -0.479187,
      0.634077,
      0.211624,
      0.486608,
      0.311594,
      0.42888,
      0.120354,
      -0.406943,
      -0.571556,
      -0.104796,
      -0.228178,
      0.017733,
      -1.137514,
      -0.040384,
      0.264814,
      0.027627,
      -0.266226,
      -0.332291,
      -0.037499,
      0.090235,
      0.383701,
      0.48263,
      0.201237,
      0.567033
    ],
    "nonmember_scores": [
      0.405456,
      0.447459,
      0.638398,
      -0.196587,
      -0.090419,
      0.091597,
      -0.154974,
      -0.084809,
      -0.432951,
      0.393441,
      0.291924,
      -0.46401,
      0.009024,
      0.017198,
      0.207734,
      -0.153853,
      -0.266883,
      -0.450586,
      -0.39163,
      0.218856,
      -0.404998,
      -0.425326,
      0.39842,
      0.701523,
      -0.111137,
      -0.778443,
      -0.158453,
      -0.013704,
      0.195617,
      -0.176447,
      0.323737,
      0.414825
    ],
    "metrics": {
      "auc": 0.512695,
      "asr": 0.546875,
      "threshold": 0.48263,
      "tpr_at_1pct_fpr": 0.0,
      "tpr_at_0_1pct_fpr": 0.0,
      "member_score_mean": 1e-06,
      "nonmember_score_mean": -0.0
    }
  }
}