{
  "short_window": {
    "member_scores": [
      -1.037723,
      -1.07996,
      -1.066233,
      -1.058917,
      -1.045342,
      -1.038285,
      -1.056873,
      -1.059291,
      -1.053593,
      -1.035396,
      -1.06831,
      -1.025232,
      -1.041251,
      -1.048819,
      -1.055918,
      -1.054394,
      -1.04593,
      -1.034813,
      -1.054101,
      -1.048375,
      -1.06542,
      -1.010279,
      -1.02791,
      -1.071642,
      -1.060593,
      -1.077555,
      -1.033538,
      -1.057288,
      -1.068746,
      -1.063226,
      -1.088241,
      -1.014449,
      -1.081831,
      -1.0499,
      -1.094422,
      -1.080634,
      -1.042988,
      -1.072509,
      -1.042518,
      -1.054978,
      -1.075543,
      -1.052192,
      -1.083354,
      -1.058261,
      -1.061627,
      -1.038057,
      -1.019444,
      -1.005553,
      -1.052814,
      -1.083545,
      -1.037723,
      -1.045228,
      -1.070821,
      -1.089515,
      -1.043902,
      -1.080022,
      -1.053405,
      -1.064731,
      -1.038624,
      -1.043777,
      -1.0501,
      -1.04821,
      -1.063716,
      -1.041961,
      -1.018905,
      -1.060229,
      -1.080086,
      -1.046204,
      -1.054194,
      -1.07961,
      -1.063669,
      -1.047566,
      -1.071723,
      -1.06589,
      -1.06538,
      -1.051741,
      -1.05707,
      -1.054995,
      -1.020007,
      -1.047151,
      -1.064526,
      -1.030887,
      -1.037484,
      -1.067336,
      -1.066179,
      -1.045339,
      -1.043994,
      -1.034867,
      -1.07062,
      -1.084021,
      -1.057476,
      -1.018757,
      -1.071301,
      -1.080434,
      -1.06268,
      -1.061342,
      -1.041235,
      -1.07017,
      -1.034114,
      -1.0409,
      -1.051898,
      -1.061456,
      -1.057124,
      -1.045985,
      -1.017458,
      -1.084261,
      -1.047777,
      -1.026651,
      -1.052725,
      -1.016711,
      -1.044813,
      -1.070791,
      -1.059609,
      -1.065211,
      -1.055436,
      -1.072555,
      -1.077169,
      -1.050107,
      -1.066455,
      -1.067907,
      -1.044133,
      -1.048448,
      -1.058453,
      -1.065759,
      -1.08238,
      -1.061583,
      -1.064301,
      -1.030142
    ],
    "nonmember_scores": [
      -1.014999,
      -1.05944,
      -1.02917,
      -1.079624,
      -1.029646,
      -1.015706,
      -1.039396,
      -1.033161,
      -1.051563,
      -1.032453,
      -1.060006,
      -1.039908,
      -1.047285,
      -1.03145,
      -1.007065,
      -1.064238,
      -1.022177,
      -1.025888,
      -1.03852,
      -1.05095,
      -1.05149,
      -1.065733,
      -1.038031,
      -1.031587,
      -1.053595,
      -1.055866,
      -1.043395,
      -1.032446,
      -1.052817,
      -1.085489,
      -1.068961,
      -1.024796,
      -1.094335,
      -1.079764,
      -1.054777,
      -1.058468,
      -1.042524,
      -1.086544,
      -1.077026,
      -1.063146,
      -1.05864,
      -1.017627,
      -1.041767,
      -1.069722,
      -1.035316,
      -1.023921,
      -1.04665,
      -1.053549,
      -1.054465,
      -1.069163,
      -1.037307,
      -1.007456,
      -1.038983,
      -1.037909,
      -1.040425,
      -1.03862,
      -1.048751,
      -1.039213,
      -1.015159,
      -1.032248,
      -1.019563,
      -1.018738,
      -1.051501,
      -1.07066,
      -1.02238,
      -1.025685,
      -1.060181,
      -1.019855,
      -1.032762,
      -1.071027,
      -1.057686,
      -1.051167,
      -1.088539,
      -1.059772,
      -1.064907,
      -1.039205,
      -1.04648,
      -1.016082,
      -1.047264,
      -1.032536,
      -1.013043,
      -1.051371,
      -1.038518,
      -1.048045,
      -1.056123,
      -1.035538,
      -1.051832,
      -1.009371,
      -1.067113,
      -1.086786,
      -1.048938,
      -1.018193,
      -1.050582,
      -1.061077,
      -1.038609,
      -1.036664,
      -1.037957,
      -1.037113,
      -1.03084,
      -1.032276,
      -1.037804,
      -1.045468,
      -1.02486,
      -1.061605,
      -1.042969,
      -1.001575,
      -1.045924,
      -1.010662,
      -1.074807,
      -1.043598,
      -1.045999,
      -1.080991,
      -1.054839,
      -1.063906,
      -1.049066,
      -1.03947,
      -1.011484,
      -1.049133,
      -1.068099,
      -1.05464,
      -1.054723,
      -1.030372,
      -1.024732,
      -1.037905,
      -1.083911,
      -1.048499,
      -1.037925,
      -1.035936
    ],
    "metrics": {
      "auc": 0.348999,
      "asr": 0.507812,
      "threshold": -1.084261,
      "tpr_at_1pct_fpr": 0.007812,
      "tpr_at_0_1pct_fpr": 0.0,
      "member_score_mean": -1.05457,
      "nonmember_score_mean": -1.0449
    }
  },
  "long_window": {
    "member_scores": [
      -30.937944,
      -31.375216,
      -31.083843,
      -31.166378,
      -31.505014,
      -30.818649,
      -31.257551,
      -30.966957,
      -30.787186,
      -31.098284,
      -30.298817,
      -31.97155,
      -31.485455,
      -31.141344,
      -31.470287,
      -31.710464,
      -30.809248,
      -31.07502,
      -30.5312,
      -30.632256,
      -31.114376,
      -31.055418,
      -31.683372,
      -30.674503,
      -30.956606,
      -30.591684,
      -30.093304,
      -30.698021,
      -30.620449,
      -31.093473,
      -31.071281,
      -30.791969,
      -30.65064,
      -31.359737,
      -31.043903,
      -30.641476,
      -30.271765,
      -31.508476,
      -30.536304,
      -31.190428,
      -31.020283,
      -31.488708,
      -31.432644,
      -31.49749,
      -31.021809,
      -30.801849,
      -30.954973,
      -31.403511,
      -30.891943,
      -30.331242,
      -30.695332,
      -30.813623,
      -31.025269,
      -30.890163,
      -30.615749,
      -30.904547,
      -31.338428,
      -30.568035,
      -30.820091,
      -31.735647,
      -30.836428,
      -30.725372,
      -30.724047,
      -30.534142,
      -30.442659,
      -30.441881,
      -31.095901,
      -30.904387,
      -30.564507,
      -31.338547,
      -30.121262,
      -31.283062,
      -30.805571,
      -30.170559,
      -30.504364,
      -31.130814,
      -30.996664,
      -31.066645,
      -31.437288,
      -31.179453,
      -30.768257,
      -31.053577,
      -31.101665,
      -31.308414,
      -31.259708,
      -30.221985,
      -30.223637,
      -31.04064,
      -31.377562,
      -30.99482,
      -30.554497,
      -30.934092,
      -30.954754,
      -31.25013,
      -30.988752,
      -31.195885,
      -31.669195,
      -30.8645,
      -30.937908,
      -31.250883,
      -30.789415,
      -30.579538,
      -30.858473,
      -31.239658,
      -31.584675,
      -30.454754,
      -30.633352,
      -31.431187,
      -31.028233,
      -30.883017,
      -31.26165,
      -30.68149,
      -30.899151,
      -30.224226,
      -31.213047,
      -30.237589,
      -31.026491,
      -30.822685,
      -31.14168,
      -30.273779,
      -31.345766,
      -30.593351,
      -31.120558,
      -30.249336,
      -31.279303,
      -31.185392,
      -31.059135,
      -31.313812
    ],