{
  "accuracy": 0.5526315789473685,
  "auc": 0.5305555555555556,
  "num_member": 63,
  "num_nonmember": 63
}