{
  "short_window": {
    "member_scores": [
      -1.020285,
      -1.022963,
      -1.024738,
      -1.003342,
      -1.006322,
      -1.014526,
      -1.051258,
      -1.059707,
      -1.020025,
      -0.995059,
      -1.041396,
      -0.974393,
      -1.010136,
      -1.005887,
      -0.995589,
      -1.024223,
      -1.023151,
      -0.997228,
      -1.017228,
      -1.009062,
      -1.036729,
      -0.969082,
      -0.979603,
      -1.016032,
      -1.034444,
      -1.026443,
      -0.985294,
      -1.027943,
      -1.040547,
      -1.029037,
      -1.058571,
      -0.97431
    ],
    "nonmember_scores": [
      -0.988912,
      -0.991931,
      -0.985572,
      -1.039928,
      -0.984026,
      -0.977479,
      -1.030785,
      -1.012125,
      -1.0182,
      -0.994397,
      -1.034374,
      -1.001467,
      -1.019246,
      -0.992319,
      -0.934869,
      -1.042484,
      -0.992767,
      -0.995043,
      -0.995814,
      -1.010723,
      -1.013517,
      -1.042521,
      -0.99534,
      -0.962557,
      -1.026357,
      -0.985515,
      -1.000533,
      -1.003227,
      -1.01345,
      -1.058029,
      -1.038505,
      -0.99327
    ],
    "metrics": {
      "auc": 0.37793,
      "asr": 0.515625,
      "threshold": -0.974393,
      "tpr_at_1pct_fpr": 0.0,
      "tpr_at_0_1pct_fpr": 0.0,
      "member_score_mean": -1.015455,
      "nonmember_score_mean": -1.005477
    }
  },
  "long_window": {
    "member_scores": [
      -22.00028,
      -22.504963,
      -22.117226,
      -22.265043,
      -23.133417,
      -22.529854,
      -22.0345,
      -21.838718,
      -21.94055,
      -23.103645,
      -21.869646,
      -23.177416,
      -21.952885,
      -22.597443,
      -22.720011,
      -23.000229,
      -22.315634,
      -23.035633,
      -22.67902,
      -22.597675,
      -22.991102,
      -23.039217,
      -22.482033,
      -22.61751,
      -22.083008,
      -21.935429,
      -22.569765,
      -21.924772,
      -21.95256,
      -21.850496,
      -21.319254,
      -23.131536
    ],
    "nonmember_scores": [
      -23.03207,
      -23.228558,
      -23.12055,
      -21.842733,
      -23.986465,
      -23.720385,
      -22.458603,
      -23.009056,
      -22.626442,
      -23.552267,
      -21.797846,
      -24.217857,
      -21.763632,
      -23.198742,
      -24.559799,
      -22.919645,
      -23.361666,
      -24.110777,
      -23.815447,
      -22.319916,
      -23.336119,
      -22.033426,
      -22.340094,
      -23.042614,
      -22.339491,
      -24.198013,
      -23.5047,
      -22.937933,
      -22.78857,
      -21.691162,
      -21.711931,
      -22.839312
    ],
    "metrics": {
      "auc": 0.702148,
      "asr": 0.703125,
      "threshold": -22.720011,
      "tpr_at_1pct_fpr": 0.03125,
      "tpr_at_0_1pct_fpr": 0.03125,
      "member_score_mean": -22.415953,
      "nonmember_score_mean": -22.981432
    }
  },
  "fused": {
    "member_scores": [
      0.320424,
      -0.252525,
      0.105166,
      0.414841,
      -0.535926,
      -0.096303,
      -0.381307,
      -0.363299,
      0.387005,
      -0.263052,
      -0.000682,
      0.106519,
      0.587295,
      0.020669,
      0.117235,
      -0.785318,
      -0.063246,
      -0.240304,
      -0.306765,
      -0.047906,
      -1.045226,
      0.361951,
      0.704364,
      -0.218217,
      -0.068868,
      0.254059,
      0.492256,
      0.232664,
      -0.067048,
      0.284947,
      0.19153,
      0.155156
    ],
    "nonmember_scores": [
      0.295109,
      0.111568,
      0.305245,
      0.038046,
      -0.210376,
      0.086689,
      -0.169877,
      -0.148664,
      -0.027283,
      -0.141284,
      0.176001,
      -0.700647,
      0.496252,
      0.122725,
      0.398498,
      -0.691629,
      0.011125,
      -0.506279,
      -0.335237,
      0.313667,
      -0.382426,
      -0.133408,
      0.604642,
      0.808756,
      -0.00733,
      -0.373193,
      -0.232408,
      0.071862,
      -0.035761,
      -0.223713,
      0.148644,
      0.330634
    ],
    "metrics": {
      "auc": 0.510742,
      "asr": 0.546875,
      "threshold": 0.19153,
      "tpr_at_1pct_fpr": 0.0,
      "tpr_at_0_1pct_fpr": 0.0,
      "member_score_mean": 3e-06,
      "nonmember_score_mean": -2e-06
    }
  }
}