{
  "short_window": {
    "member_scores": [
      -1.037883,
      -1.077261,
      -1.066577,
      -1.059673,
      -1.045277,
      -1.036421,
      -1.055714,
      -1.058007,
      -1.054799,
      -1.036053,
      -1.067541,
      -1.024641,
      -1.038423,
      -1.049163,
      -1.055217,
      -1.054207,
      -1.0463,
      -1.031958,
      -1.053047,
      -1.04656,
      -1.06505,
      -1.009518,
      -1.026374,
      -1.070137,
      -1.060026,
      -1.078056,
      -1.03051,
      -1.055948,
      -1.067469,
      -1.062813,
      -1.087962,
      -1.012097,
      -1.080162,
      -1.046736,
      -1.094132,
      -1.080237,
      -1.041489,
      -1.071205,
      -1.041259,
      -1.052755,
      -1.074111,
      -1.050783,
      -1.082718,
      -1.056965,
      -1.061737,
      -1.034163,
      -1.018594,
      -1.004362,
      -1.051197,
      -1.081326,
      -1.035695,
      -1.043058,
      -1.070344,
      -1.088311,
      -1.042589,
      -1.07866,
      -1.052407,
      -1.063429,
      -1.036378,
      -1.042347,
      -1.049631,
      -1.047003,
      -1.062053,
      -1.040898,
      -1.016534,
      -1.061998,
      -1.079811,
      -1.044253,
      -1.051974,
      -1.080626,
      -1.061895,
      -1.046211,
      -1.071518,
      -1.064963,
      -1.066733,
      -1.05178,
      -1.056051,
      -1.053921,
      -1.016702,
      -1.043742,
      -1.063964,
      -1.03063,
      -1.036512,
      -1.067989,
      -1.066289,
      -1.044822,
      -1.041529,
      -1.032321,
      -1.069311,
      -1.080932,
      -1.056993,
      -1.016348,
      -1.069107,
      -1.078519,
      -1.061775,
      -1.060475,
      -1.041175,
      -1.070634,
      -1.031415,
      -1.040036,
      -1.051657,
      -1.06119,
      -1.056872,
      -1.045832,
      -1.019521,
      -1.084117,
      -1.048047,
      -1.025477,
      -1.051437,
      -1.015539,
      -1.043824,
      -1.068741,
      -1.059502,
      -1.064113,
      -1.054187,
      -1.07011,
      -1.075557,
      -1.049617,
      -1.065131,
      -1.067497,
      -1.044923,
      -1.048077,
      -1.058853,
      -1.066376,
      -1.081879,
      -1.061863,
      -1.065205,
      -1.029827
    ],
    "nonmember_scores": [
      -1.01401,
      -1.058416,
      -1.02978,
      -1.080058,
      -1.028113,
      -1.013627,
      -1.037928,
      -1.03066,
      -1.049492,
      -1.033753,
      -1.05894,
      -1.039832,
      -1.044805,
      -1.031185,
      -1.003099,
      -1.063049,
      -1.022464,
      -1.026388,
      -1.03889,
      -1.0513,
      -1.049323,
      -1.064947,
      -1.037009,
      -1.031647,
      -1.05272,
      -1.053813,
      -1.045084,
      -1.031375,
      -1.053167,
      -1.085225,
      -1.068385,
      -1.024749,
      -1.092775,
      -1.079462,
      -1.054269,
      -1.056913,
      -1.042648,
      -1.085796,
      -1.076612,
      -1.062272,
      -1.057835,
      -1.016375,
      -1.038811,
      -1.068713,
      -1.035685,
      -1.024485,
      -1.044335,
      -1.052571,
      -1.054185,
      -1.06848,
      -1.038092,
      -1.007452,
      -1.038281,
      -1.035753,
      -1.039803,
      -1.041197,
      -1.04607,
      -1.039393,
      -1.01307,
      -1.030467,
      -1.022372,
      -1.017049,
      -1.05219,
      -1.070306,
      -1.023594,
      -1.025551,
      -1.060178,
      -1.018033,
      -1.030378,
      -1.069469,
      -1.057367,
      -1.047468,
      -1.088537,
      -1.059057,
      -1.064153,
      -1.039234,
      -1.044129,
      -1.014786,
      -1.047673,
      -1.032827,
      -1.011663,
      -1.051081,
      -1.038032,
      -1.048374,
      -1.055383,
      -1.03591,
      -1.054159,
      -1.0076,
      -1.065833,
      -1.084779,
      -1.050292,
      -1.017808,
      -1.049611,
      -1.060001,
      -1.038614,
      -1.03578,
      -1.039076,
      -1.034986,
      -1.030586,
      -1.031795,
      -1.037486,
      -1.043834,
      -1.021066,
      -1.059113,
      -1.044665,
      -1.001932,
      -1.046198,
      -1.011159,
      -1.075018,
      -1.042563,
      -1.045689,
      -1.081925,
      -1.049404,
      -1.062268,
      -1.048073,
      -1.03868,
      -1.01117,
      -1.046822,
      -1.067681,
      -1.053811,
      -1.054362,
      -1.028931,
      -1.026329,
      -1.039077,
      -1.081672,
      -1.045339,
      -1.034672,
      -1.036929
    ],
    "metrics": {
      "auc": 0.352051,
      "asr": 0.507812,
      "threshold": -1.084117,
      "tpr_at_1pct_fpr": 0.0,
      "tpr_at_0_1pct_fpr": 0.0,
      "member_score_mean": -1.053608,
      "nonmember_score_mean": -1.044192
    }
  },
  "long_window": {
    "member_scores": [
      -30.94198,
      -31.324409,
      -31.070971,
      -31.172907,
      -31.505877,
      -30.830509,
      -31.244257,
      -30.90052,
      -30.807163,
      -31.05827,
      -30.246557,
      -31.94496,
      -31.491375,
      -31.108383,
      -31.429569,
      -31.713152,
      -30.794456,
      -31.000643,
      -30.465794,
      -30.599968,
      -31.1178,
      -31.024351,
      -31.663967,
      -30.597744,
      -30.93404,
      -30.581293,
      -29.957277,
      -30.684929,
      -30.590637,
      -31.039837,
      -31.051874,
      -30.731192,
      -30.664709,
      -31.296833,
      -31.05488,
      -30.627113,
      -30.295773,
      -31.46813,
      -30.544437,
      -31.196733,
      -30.989988,
      -31.49082,
      -31.414297,
      -31.474531,
      -31.015942,
      -30.79422,
      -30.959314,
      -31.35815,
      -30.885263,
      -30.343903,
      -30.614088,
      -30.775103,
      -31.026093,
      -30.842077,
      -30.53418,
      -30.858627,
      -31.303286,
      -30.556438,
      -30.828011,
      -31.677528,
      -30.814796,
      -30.659166,
      -30.619473,
      -30.46513,
      -30.407871,
      -30.437853,
      -31.067226,
      -30.899702,
      -30.50499,
      -31.331388,
      -30.093338,
      -31.261755,
      -30.75194,
      -30.143675,
      -30.527668,
      -31.078568,
      -30.979753,
      -31.033735,
      -31.391073,
      -31.10878,
      -30.789782,
      -31.039982,
      -31.046005,
      -31.31922,
      -31.269447,
      -30.206093,
      -30.168289,
      -30.965624,
      -31.354633,
      -30.92263,
      -30.533415,
      -30.80125,
      -30.883915,
      -31.228224,
      -30.973747,
      -31.170914,
      -31.624111,
      -30.866789,
      -30.884651,
      -31.228243,
      -30.752182,
      -30.534489,
      -30.814581,
      -31.221037,
      -31.543301,
      -30.43708,
      -30.641584,
      -31.410484,
      -31.037537,
      -30.867113,
      -31.219677,
      -30.6311,
      -30.905502,
      -30.23831,
      -31.199575,
      -30.177588,
      -31.01832,
      -30.783962,
      -31.081488,
      -30.288893,
      -31.348963,
      -30.604952,
      -31.122305,
      -30.215006,
      -31.310631,
      -31.188309,
      -31.117569,
      -31.309065
    ],