{
  "accuracy": 0.5263157894736842,
  "auc": 0.6349431818181818,
  "num_member": 63,
  "num_nonmember": 63
}