{
  "short_window": {
    "member_scores": [
      -1.038502,
      -1.077703,
      -1.065189,
      -1.059439,
      -1.043622,
      -1.03572,
      -1.056055,
      -1.05753,
      -1.052388,
      -1.034539,
      -1.066633,
      -1.02336,
      -1.038883,
      -1.048401,
      -1.055987,
      -1.052831,
      -1.044078,
      -1.033936,
      -1.053224,
      -1.04701,
      -1.064092,
      -1.014342,
      -1.027413,
      -1.069865,
      -1.056759,
      -1.075716,
      -1.030937,
      -1.055316,
      -1.065612,
      -1.062921,
      -1.087958,
      -1.012595,
      -1.0797,
      -1.049641,
      -1.093433,
      -1.077863,
      -1.041208,
      -1.072684,
      -1.040901,
      -1.05509,
      -1.075922,
      -1.049875,
      -1.081286,
      -1.057005,
      -1.061014,
      -1.033777,
      -1.017328,
      -1.003105,
      -1.05201,
      -1.082063,
      -1.036067,
      -1.043658,
      -1.069724,
      -1.087359,
      -1.041938,
      -1.077642,
      -1.050104,
      -1.064323,
      -1.035495,
      -1.042956,
      -1.047519,
      -1.045162,
      -1.062279,
      -1.039447,
      -1.018057,
      -1.05745,
      -1.077907,
      -1.045534,
      -1.052535,
      -1.078871,
      -1.061248,
      -1.044961,
      -1.070019,
      -1.063562,
      -1.064747,
      -1.049768,
      -1.055359,
      -1.053539,
      -1.018774,
      -1.044928,
      -1.061921,
      -1.029021,
      -1.035504,
      -1.067243,
      -1.064723,
      -1.042897,
      -1.042483,
      -1.03248,
      -1.069885,
      -1.081691,
      -1.057036,
      -1.01506,
      -1.067661,
      -1.080585,
      -1.060654,
      -1.057904,
      -1.041663,
      -1.066836,
      -1.032071,
      -1.039674,
      -1.053263,
      -1.062095,
      -1.057498,
      -1.045799,
      -1.018803,
      -1.084664,
      -1.048027,
      -1.024209,
      -1.052632,
      -1.015681,
      -1.042499,
      -1.067423,
      -1.061338,
      -1.064801,
      -1.053843,
      -1.069797,
      -1.076251,
      -1.047425,
      -1.064699,
      -1.066784,
      -1.043647,
      -1.047204,
      -1.058639,
      -1.063216,
      -1.081055,
      -1.059591,
      -1.064268,
      -1.028291
    ],
    "nonmember_scores": [
      -1.015994,
      -1.059939,
      -1.027466,
      -1.079325,
      -1.029221,
      -1.01497,
      -1.035357,
      -1.031,
      -1.048256,
      -1.033031,
      -1.059033,
      -1.038034,
      -1.047938,
      -1.029508,
      -1.006098,
      -1.062337,
      -1.020182,
      -1.025478,
      -1.036289,
      -1.050929,
      -1.048223,
      -1.065862,
      -1.032936,
      -1.032333,
      -1.053981,
      -1.053911,
      -1.043679,
      -1.029703,
      -1.051115,
      -1.085186,
      -1.06793,
      -1.02349,
      -1.092779,
      -1.077814,
      -1.054787,
      -1.058746,
      -1.039484,
      -1.086477,
      -1.075449,
      -1.064017,
      -1.058172,
      -1.016375,
      -1.039836,
      -1.068987,
      -1.034737,
      -1.02295,
      -1.045238,
      -1.051884,
      -1.050935,
      -1.065336,
      -1.035208,
      -1.005205,
      -1.037905,
      -1.037465,
      -1.040759,
      -1.038688,
      -1.045923,
      -1.037932,
      -1.015144,
      -1.031059,
      -1.02044,
      -1.017998,
      -1.047353,
      -1.069725,
      -1.022019,
      -1.023453,
      -1.057245,
      -1.018551,
      -1.030496,
      -1.070119,
      -1.056216,
      -1.047991,
      -1.087002,
      -1.057797,
      -1.064827,
      -1.037637,
      -1.043396,
      -1.014229,
      -1.044926,
      -1.031804,
      -1.011315,
      -1.050642,
      -1.037393,
      -1.047203,
      -1.055798,
      -1.034697,
      -1.052004,
      -1.006692,
      -1.066901,
      -1.085474,
      -1.047066,
      -1.017152,
      -1.046496,
      -1.057882,
      -1.040117,
      -1.033963,
      -1.035996,
      -1.035895,
      -1.02829,
      -1.032209,
      -1.037007,
      -1.041517,
      -1.024698,
      -1.059125,
      -1.043016,
      -1.000321,
      -1.044147,
      -1.010204,
      -1.073791,
      -1.042608,
      -1.044516,
      -1.079458,
      -1.054653,
      -1.064044,
      -1.048662,
      -1.037494,
      -1.009074,
      -1.048684,
      -1.06875,
      -1.054777,
      -1.052016,
      -1.030743,
      -1.021768,
      -1.034166,
      -1.085166,
      -1.046446,
      -1.035181,
      -1.033288
    ],
    "metrics": {
      "auc": 0.351257,
      "asr": 0.511719,
      "threshold": -1.084664,
      "tpr_at_1pct_fpr": 0.007812,
      "tpr_at_0_1pct_fpr": 0.0,
      "member_score_mean": -1.053155,
      "nonmember_score_mean": -1.043592
    }
  },
  "long_window": {
    "member_scores": [
      -30.914675,
      -31.305573,
      -31.057732,
      -31.194181,
      -31.401531,
      -30.735476,
      -31.274338,
      -30.942318,
      -30.755096,
      -31.021006,
      -30.31036,
      -31.879688,
      -31.403259,
      -31.156624,
      -31.336374,
      -31.705723,
      -30.753235,
      -31.044806,
      -30.524759,
      -30.697426,
      -31.094315,
      -31.154228,
      -31.648518,
      -30.57622,
      -30.90941,
      -30.523352,
      -30.008772,
      -30.668203,
      -30.511339,
      -31.119732,
      -31.062815,
      -30.835026,
      -30.649954,
      -31.330406,
      -31.021334,
      -30.572002,
      -30.198662,
      -31.475227,
      -30.610529,
      -31.191698,
      -31.022474,
      -31.390041,
      -31.374151,
      -31.483934,
      -31.000166,
      -30.733675,
      -30.89677,
      -31.364332,
      -30.8668,
      -30.296379,
      -30.666042,
      -30.763216,
      -30.993559,
      -30.818384,
      -30.539474,
      -30.874969,
      -31.236771,
      -30.558556,
      -30.783524,
      -31.632427,
      -30.746687,
      -30.59808,
      -30.665703,
      -30.434183,
      -30.404114,
      -30.399513,
      -31.024302,
      -30.946898,
      -30.463152,
      -31.371864,
      -30.032167,
      -31.192898,
      -30.758308,
      -30.128742,
      -30.485178,
      -31.016624,
      -30.937506,
      -31.02947,
      -31.415009,
      -31.097706,
      -30.74448,
      -31.026886,
      -31.02211,
      -31.301497,
      -31.196264,
      -30.214598,
      -30.112249,
      -31.028839,
      -31.350359,
      -30.948074,
      -30.508837,
      -30.82095,
      -30.886736,
      -31.262739,
      -30.92598,
      -31.168379,
      -31.655245,
      -30.853489,
      -30.805788,
      -31.240923,
      -30.791067,
      -30.527416,
      -30.850512,
      -31.269049,
      -31.5529,
      -30.486111,
      -30.674395,
      -31.313549,
      -31.010439,
      -30.839724,
      -31.183891,
      -30.568115,
      -30.938353,
      -30.233116,
      -31.156893,
      -30.20846,
      -30.983128,
      -30.722219,
      -31.084974,
      -30.247818,
      -31.302004,
      -30.580845,
      -31.136271,
      -30.209404,
      -31.324118,
      -31.142269,
      -31.129604,
      -31.241886
    ],