{
  "scores_npz": "E:\\stable_diffusion\\coco_data\\SD_MIA_Reproduction\\chunk_outputs_a5_avg3_vae\\merged_rediffuse_scores_a2_a5_combined.npz",
  "shape": {
    "member_features": [
      2500,
      7
    ],
    "nonmember_features": [
      2500,
      7
    ]
  },
  "seed": 0,
  "holdout": [
    {
      "method": "fixed_rule_sweep",
      "feature_mode": "first",
      "train_auc": 0.6153028888888888,
      "train_asr": 0.5886666666666667,
      "val_auc": 0.62098,
      "val_asr": 0.59,
      "val_tpr_1fpr": 0.096,
      "test_auc": 0.6040639999999999,
      "test_asr": 0.563,
      "test_tpr_1fpr": 0.106,
      "threshold_confidence": 0.9721758365631104,
      "threshold_score": -0.9721758365631104,
      "split_kind": "holdout",
      "fold": -1,
      "train_n": 1500,
      "val_n": 500,
      "test_n": 500
    },
    {
      "method": "logistic_l2",
      "feature_mode": "all_steps",
      "c": 1.0,
      "train_auc": 0.7098226666666666,
      "train_asr": 0.6863333333333334,
      "val_auc": 0.708352,
      "val_asr": 0.676,
      "val_tpr_1fpr": 0.098,
      "test_auc": 0.704604,
      "test_asr": 0.701,
      "test_tpr_1fpr": 0.084,
      "threshold_confidence": 0.24520392872319877,
      "threshold_score": -0.24520392872319877,
      "coef": [
        2.172829828135111,
        -1.3556469692735305,
        0.5892283614554799,
        -0.07984992295983835,
        -0.7599869823499863,
        -0.13107015747158543,
        -0.0544216631218424
      ],
      "intercept": -0.015649509347077567,
      "scaler_mean": [
        0.9641053258379301,
        0.9418537509441376,
        0.9641166171034177,
        0.9418367011547089,
        0.9236834563612938,
        0.9079352883696556,
        0.893881445089976
      ],
      "scaler_scale": [
        0.024347795103076386,
        0.03823775970214797,
        0.024327441629128116,
        0.03826800909058419,
        0.04913236719188474,
        0.05815060583669,
        0.0659609280634325
      ],
      "split_kind": "holdout",
      "fold": -1,
      "train_n": 1500,
      "val_n": 500,
      "test_n": 500
    }
  ],
  "cv_summary": [
    {
      "method": "fixed_rule_sweep",
      "folds": 5,
      "mean_test_auc": 0.6144024,
      "std_test_auc": 0.00796681145754061,
      "min_test_auc": 0.6040639999999999,
      "max_test_auc": 0.62098
    },
    {
      "method": "logistic_l2",
      "folds": 5,
      "mean_test_auc": 0.708036,
      "std_test_auc": 0.011589729936456697,
      "min_test_auc": 0.6924319999999999,
      "max_test_auc": 0.721456
    }
  ],
  "cv_rows": [
    {
      "method": "fixed_rule_sweep",
      "feature_mode": "first",
      "train_auc": 0.6100977777777778,
      "train_asr": 0.585,
      "val_auc": 0.6198319999999999,
      "val_asr": 0.58,
      "val_tpr_1fpr": 0.092,
      "test_auc": 0.620464,
      "test_asr": 0.582,
      "test_tpr_1fpr": 0.126,
      "threshold_confidence": 0.9808688759803772,
      "threshold_score": -0.9808688759803772,
      "split_kind": "cv",
      "fold": 0,
      "train_n": 1500,
      "val_n": 500,
      "test_n": 500
    },
    {
      "method": "logistic_l2",
      "feature_mode": "all_steps",
      "c": 3.0,
      "train_auc": 0.704648888888889,
      "train_asr": 0.6783333333333333,
      "val_auc": 0.717108,
      "val_asr": 0.697,
      "val_tpr_1fpr": 0.038,
      "test_auc": 0.717408,
      "test_asr": 0.684,
      "test_tpr_1fpr": 0.104,
      "threshold_confidence": 0.25891382425795173,
      "threshold_score": -0.25891382425795173,
      "coef": [
        3.2415745294150957,
        -2.5390486485213932,
        0.9589933316638014,
        -1.361352009840808,
        -0.48089904580831766,
        0.1602327728731704,
        0.3922902467988931
      ],
      "intercept": -0.015620333495545053,
      "scaler_mean": [
        0.9637923740744591,
        0.9413271375894546,
        0.9638055417537689,
        0.9413317397038142,
        0.9230379509329796,
        0.9071049161553383,
        0.8929573095242183
      ],
      "scaler_scale": [
        0.024505343028718825,
        0.03854292648200571,
        0.024492631241255402,
        0.038541817899669754,
        0.0494238012590189,
        0.058539162990781206,
        0.06628949357220783
      ],
      "split_kind": "cv",
      "fold": 0,
      "train_n": 1500,
      "val_n": 500,
      "test_n": 500
    },
    {
      "method": "fixed_rule_sweep",
      "feature_mode": "first",
      "train_auc": 0.6182008888888888,
      "train_asr": 0.5836666666666667,
      "val_auc": 0.5963640000000001,
      "val_asr": 0.579,
      "val_tpr_1fpr": 0.098,
      "test_auc": 0.618924,
      "test_asr": 0.591,
      "test_tpr_1fpr": 0.12,
      "threshold_confidence": 0.9743078351020813,
      "threshold_score": -0.9743078351020813,
      "split_kind": "cv",
      "fold": 1,
      "train_n": 1500,
      "val_n": 500,
      "test_n": 500
    },
    {
      "method": "logistic_l2",
      "feature_mode": "all_steps",
      "c": 3.0,
      "train_auc": 0.7115155555555556,
      "train_asr": 0.6896666666666667,
      "val_auc": 0.6938,
      "val_asr": 0.681,
      "val_tpr_1fpr": 0.052,
      "test_auc": 0.721456,
      "test_asr": 0.681,
      "test_tpr_1fpr": 0.044,
      "threshold_confidence": 0.2703256465804745,
      "threshold_score": -0.2703256465804745,
      "coef": [
        2.822669202814007,
        -2.1879243196575033,
        0.9362810092056794,
        -0.49471160908258005,
        -1.3205010459931208,
        0.7721740876191391,
        -0.10012286489867814
      ],
      "intercept": -0.02084949405910436,
      "scaler_mean": [
        0.9635377068916957,
        0.9409613905549049,
        0.9635384882887205,
        0.9409755218227704,
        0.9225960755546888,
        0.9066474430362383,
        0.8924694153865178
      ],
      "scaler_scale": [
        0.02496259860189901,
        0.03911933584224753,
        0.024975254198257982,
        0.03911250977609675,
        0.050053268277268644,
        0.05921883383460929,
        0.0669966308246802
      ],
      "split_kind": "cv",
      "fold": 1,
      "train_n": 1500,
      "val_n": 500,
      "test_n": 500
    },
    {
      "method": "fixed_rule_sweep",
      "feature_mode": "first",
      "train_auc": 0.6200488888888889,
      "train_asr": 0.5886666666666667,
      "val_auc": 0.603814,
      "val_asr": 0.589,
      "val_tpr_1fpr": 0.1,
      "test_auc": 0.60758,
      "test_asr": 0.566,
      "test_tpr_1fpr": 0.134,
      "threshold_confidence": 0.9802388548851013,
      "threshold_score": -0.9802388548851013,
      "split_kind": "cv",
      "fold": 2,
      "train_n": 1500,
      "val_n": 500,
      "test_n": 500
    },
    {
      "method": "logistic_l2",
      "feature_mode": "all_steps",
      "c": 3.0,
      "train_auc": 0.7141857777777778,
      "train_asr": 0.6843333333333333,
      "val_auc": 0.714952,
      "val_asr": 0.697,
      "val_tpr_1fpr": 0.162,
      "test_auc": 0.6924319999999999,
      "test_asr": 0.681,
      "test_tpr_1fpr": 0.06,
      "threshold_confidence": 0.3076894873532382,
      "threshold_score": -0.3076894873532382,
      "coef": [
        2.381550651040575,
        -1.2097122731640528,
        1.1569052997101277,
        -0.816886613606642,
        -1.654347396728124,
        0.5189024424665883,
        0.04629151805115067
      ],
      "intercept": -0.019741212846328002,
      "scaler_mean": [
        0.9645148125886918,
        0.9424894398053487,
        0.9645202971696853,
        0.9424989841580391,
        0.9245407254894574,
        0.9088805605371794,
        0.8949718318581581
      ],
      "scaler_scale": [
        0.023922363174484845,
        0.03767741411395425,
        0.023926361898290314,
        0.037695430409547266,
        0.04839113872605029,
        0.057452311226990335,
        0.06515953611971487
      ],
      "split_kind": "cv",
      "fold": 2,
      "train_n": 1500,
      "val_n": 500,
      "test_n": 500
    },
    {
      "method": "fixed_rule_sweep",