{
  "short_window": {
    "member_scores": [
      -1.067931,
      -1.061421,
      -1.055146,
      -1.042727,
      -1.029732,
      -1.067121,
      -1.080353,
      -1.089773,
      -1.053471,
      -1.02328,
      -1.068047,
      -1.028955,
      -1.045389,
      -1.048533,
      -1.0325,
      -1.062361,
      -1.042181,
      -1.061993,
      -1.065331,
      -1.036736,
      -1.085621,
      -1.008263,
      -1.018514,
      -1.078923,
      -1.063962,
      -1.064218,
      -1.02692,
      -1.065403,
      -1.060762,
      -1.070076,
      -1.096954,
      -1.016882
    ],
    "nonmember_scores": [
      -1.038247,
      -1.031739,
      -1.025989,
      -1.067131,
      -1.011686,
      -1.031851,
      -1.064439,
      -1.061371,
      -1.05052,
      -1.020453,
      -1.060643,
      -1.047036,
      -1.047879,
      -1.038096,
      -0.986332,
      -1.07125,
      -1.022849,
      -1.055129,
      -1.05037,
      -1.042037,
      -1.069337,
      -1.061167,
      -1.026195,
      -1.034028,
      -1.059137,
      -1.038211,
      -1.036362,
      -1.042913,
      -1.042773,
      -1.088733,
      -1.080892,
      -1.02637
    ],
    "metrics": {
      "auc": 0.380859,
      "asr": 0.515625,
      "threshold": -1.018514,
      "tpr_at_1pct_fpr": 0.0,
      "tpr_at_0_1pct_fpr": 0.0,
      "member_score_mean": -1.053734,
      "nonmember_score_mean": -1.044724
    }
  },
  "long_window": {
    "member_scores": [
      -29.913748,
      -30.918266,
      -30.385139,
      -31.048378,
      -31.325521,
      -30.916693,
      -30.646034,
      -30.777918,
      -30.588823,
      -31.384394,
      -30.430264,
      -30.794361,
      -31.074238,
      -31.025272,
      -30.924334,
      -30.870575,
      -31.011717,
      -31.286194,
      -30.816532,
      -30.297199,
      -31.679359,
      -30.388964,
      -30.971043,
      -30.415863,
      -30.982731,
      -31.006203,
      -30.948181,
      -30.598845,
      -30.980883,
      -30.452913,
      -31.356236,
      -31.38905
    ],
    "nonmember_scores": [
      -30.927504,
      -31.527315,
      -31.062611,
      -31.539152,
      -32.290009,
      -31.72138,
      -30.846357,
      -31.232548,
      -31.328674,
      -31.930708,
      -30.611023,
      -32.409779,
      -31.19945,
      -31.671085,
      -32.488918,
      -31.301008,
      -32.052822,
      -32.585751,
      -31.765112,
      -30.620636,
      -31.973114,
      -30.676001,
      -31.102051,
      -31.262234,
      -31.457144,
      -32.556957,
      -32.029232,
      -31.178419,
      -31.388569,
      -30.602911,
      -31.361298,
      -31.659391
    ],
    "metrics": {
      "auc": 0.823242,
      "asr": 0.796875,
      "threshold": -31.048378,
      "tpr_at_1pct_fpr": 0.28125,
      "tpr_at_0_1pct_fpr": 0.28125,
      "member_score_mean": -30.862682,
      "nonmember_score_mean": -31.511225
    }
  },
  "fused": {
    "member_scores": [
      0.94601,
      -0.247636,
      0.605437,
      0.000551,
      -0.076079,
      -0.374156,
      -0.311552,
      -0.700105,
      0.371407,
      -0.009043,
      0.254096,
      0.650319,
      -0.094018,
      -0.099631,
      0.396859,
      -0.2052,
      0.061789,
      -0.751557,
      -0.200097,
      1.138199,
      -1.809412,
      1.658233,
      0.650133,
      0.027886,
      -0.391007,
      -0.428115,
      0.490957,
      0.088789,
      -0.316334,
      0.178075,
      -1.633935,
      0.129106
    ],
    "nonmember_scores": [
      0.66563,
      0.297411,
      0.841554,
      -0.561899,
      0.111713,
      0.125075,
      0.108298,
      -0.155717,
      0.020543,
      0.215497,
      0.405056,
      -0.840926,
      0.196869,
      0.019236,
      0.545997,
      -0.452514,
      0.051269,
      -1.188876,
      -0.357355,
      0.842956,
      -0.994159,
      0.335683,
      0.802136,
      0.474213,
      -0.29845,
      -0.757913,
      -0.252245,
      0.334358,
      0.154021,
      -0.261636,
      -0.736493,
      0.310733
    ],
    "metrics": {
      "auc": 0.486328,
      "asr": 0.546875,
      "threshold": 0.94601,
      "tpr_at_1pct_fpr": 0.09375,
      "tpr_at_0_1pct_fpr": 0.09375,
      "member_score_mean": -1e-06,
      "nonmember_score_mean": 2e-06
    }
  }
}