{
  "accuracy": 0.39473684210526316,
  "auc": 0.3837535014005602,
  "num_member": 63,
  "num_nonmember": 63
}