{
  "short_window": {
    "member_scores": [
      -1.0415,
      -1.077511,
      -1.062055,
      -1.040045,
      -1.051631,
      -1.020771,
      -1.08318,
      -1.072928,
      -1.068472,
      -1.039686,
      -1.046828,
      -1.032462,
      -1.042782,
      -1.053968,
      -1.023758,
      -1.048306,
      -1.078976,
      -1.035267,
      -1.067304,
      -1.047549,
      -1.062317,
      -1.022331,
      -1.03729,
      -1.050051,
      -1.064,
      -1.063452,
      -1.034792,
      -1.066299,
      -1.073109,
      -1.039775,
      -1.076096,
      -1.04905,
      -1.064568,
      -1.056665,
      -1.073072,
      -1.048474,
      -1.039619,
      -1.051448,
      -1.027903,
      -1.048733,
      -1.048303,
      -1.047008,
      -1.09141,
      -1.079823,
      -1.071215,
      -1.042912,
      -1.003449,
      -0.997112,
      -1.046712,
      -1.072614,
      -1.061671,
      -1.069145,
      -1.068311,
      -1.070565,
      -1.043898,
      -1.049458,
      -1.078281,
      -1.063705,
      -1.067956,
      -1.032796,
      -1.065472,
      -1.037085,
      -1.063211,
      -1.040727,
      -1.045128,
      -1.079533,
      -1.068458,
      -1.052367,
      -1.047507,
      -1.060224,
      -1.071011,
      -1.0403,
      -1.034189,
      -1.073572,
      -1.07325,
      -1.045321,
      -1.04957,
      -1.054475,
      -1.01732,
      -1.046898,
      -1.058223,
      -1.048166,
      -1.049463,
      -1.064255,
      -1.063385,
      -1.034209,
      -1.041911,
      -1.032124,
      -1.053117,
      -1.031949,
      -1.057699,
      -1.028375,
      -1.073512,
      -1.068591,
      -1.071682,
      -1.048666,
      -1.04456,
      -1.073035,
      -1.054747,
      -1.060955,
      -1.042301,
      -1.053612,
      -1.058407,
      -1.013133,
      -1.017359,
      -1.087974,
      -1.022957,
      -1.044762,
      -1.035133,
      -1.006511,
      -1.059163,
      -1.054246,
      -1.05563,
      -1.070209,
      -1.045903,
      -1.070881,
      -1.070997,
      -1.043407,
      -1.077091,
      -1.070701,
      -1.065387,
      -1.07101,
      -1.054804,
      -1.064565,
      -1.066133,
      -1.066466,
      -1.065868,
      -1.067823
    ],
    "nonmember_scores": [
      -1.012191,
      -1.056868,
      -1.018923,
      -1.060588,
      -1.027758,
      -1.004255,
      -1.064341,
      -1.043853,
      -1.064491,
      -1.034132,
      -1.042719,
      -1.053783,
      -1.049053,
      -1.0343,
      -0.975425,
      -1.052317,
      -1.054625,
      -1.025776,
      -1.053105,
      -1.049278,
      -1.050978,
      -1.072204,
      -1.041637,
      -1.007713,
      -1.054183,
      -1.035975,
      -1.0418,
      -1.046115,
      -1.056947,
      -1.06717,
      -1.06453,
      -1.053587,
      -1.077658,
      -1.093521,
      -1.027769,
      -1.029499,
      -1.044387,
      -1.066561,
      -1.068825,
      -1.053085,
      -1.03356,
      -1.021039,
      -1.046982,
      -1.083431,
      -1.045167,
      -1.035401,
      -1.032301,
      -1.049721,
      -1.041172,
      -1.057947,
      -1.066447,
      -1.02725,
      -1.039418,
      -1.018278,
      -1.040544,
      -1.012738,
      -1.080911,
      -1.037336,
      -1.041783,
      -1.028889,
      -1.021031,
      -1.009284,
      -1.051117,
      -1.067971,
      -1.044834,
      -1.046111,
      -1.052121,
      -1.025186,
      -1.024744,
      -1.049987,
      -1.064091,
      -1.049418,
      -1.055324,
      -1.070421,
      -1.07269,
      -1.029755,
      -1.042206,
      -1.013996,
      -1.037864,
      -1.037884,
      -1.007955,
      -1.072466,
      -1.046067,
      -1.046692,
      -1.055584,
      -1.032281,
      -1.054754,
      -0.998759,
      -1.046957,
      -1.031557,
      -1.046312,
      -1.024017,
      -1.046577,
      -1.049126,
      -1.044879,
      -1.01913,
      -1.042977,
      -1.04244,
      -1.057664,
      -1.049049,
      -1.024289,
      -1.03723,
      -1.022978,
      -1.024211,
      -1.043898,
      -1.002775,
      -1.025206,
      -1.02786,
      -1.059542,
      -1.026253,
      -1.056488,
      -1.060837,
      -1.050581,
      -1.073422,
      -1.044493,
      -1.036345,
      -1.009199,
      -1.03555,
      -1.078109,
      -1.0467,
      -1.073371,
      -1.057092,
      -1.02642,
      -1.029962,
      -1.067075,
      -1.052088,
      -1.040591,
      -1.07231
    ],
    "metrics": {
      "auc": 0.349915,
      "asr": 0.503906,
      "threshold": -1.09141,
      "tpr_at_1pct_fpr": 0.007812,
      "tpr_at_0_1pct_fpr": 0.0,
      "member_score_mean": -1.053414,
      "nonmember_score_mean": -1.043425
    }
  },
  "long_window": {
    "member_scores": [
      -31.115685,
      -30.613081,
      -30.855558,
      -31.193161,
      -31.504429,
      -30.87388,
      -31.003208,
      -30.423954,
      -30.579191,
      -31.467588,
      -30.456282,
      -30.724844,
      -30.758562,
      -31.068277,
      -31.259016,
      -30.791201,
      -30.614117,
      -30.885635,
      -31.097635,
      -31.109201,
      -30.630484,
      -30.950676,
      -31.130278,
      -30.989189,
      -30.477285,
      -30.56188,
      -31.381666,
      -31.000776,
      -30.879343,
      -31.23678,
      -30.665907,
      -30.679451,
      -29.819811,
      -31.070164,
      -30.657188,
      -30.6754,
      -30.984526,
      -30.998363,
      -30.755337,
      -31.141121,
      -31.271784,
      -31.014275,
      -30.932034,
      -31.515347,
      -31.273668,
      -30.091122,
      -31.385727,
      -31.272327,
      -30.595884,
      -30.989702,
      -30.18025,
      -30.97732,
      -31.053467,
      -30.838102,
      -31.56275,
      -31.081253,
      -31.31003,
      -30.94104,
      -30.616043,
      -31.554497,
      -30.702051,
      -30.785406,
      -30.846235,
      -30.718943,
      -30.855028,
      -30.899269,
      -30.014246,
      -30.345648,
      -31.186102,
      -31.289862,
      -30.971493,
      -30.317139,
      -30.769125,
      -30.866282,
      -30.84341,
      -31.055708,
      -30.333376,
      -30.271929,
      -30.847466,
      -30.314802,
      -30.390038,
      -30.888697,
      -30.907423,
      -31.276245,
      -30.891539,
      -30.046463,
      -30.750818,
      -30.774895,
      -30.755119,
      -30.649769,
      -31.273169,
      -30.676474,
      -31.443489,
      -30.890381,
      -31.278299,
      -31.33075,
      -31.393364,
      -31.142002,
      -31.117439,
      -30.929148,
      -29.904747,
      -31.13983,
      -30.84046,
      -31.549154,
      -31.480055,
      -30.099718,
      -31.208174,
      -31.297802,
      -31.249908,
      -30.375053,
      -30.478127,
      -30.640919,
      -31.545033,
      -30.352039,
      -31.632538,
      -30.540699,
      -30.294004,
      -30.623728,
      -30.607376,
      -30.480474,
      -31.400293,
      -30.763746,
      -31.143879,
      -30.960688,
      -31.364435,
      -30.622984,
      -31.099516,
      -30.429813
    ],